size,lat,lon,price,name
3.92,34.46784,-93.06667,27006.87,ST JOSEPHS MERCY HEALTH CENTER INC
2.63,36.34295,-92.39442,12455.08,BAXTER REGIONAL MEDICAL CENTER
2.62,35.37445,-94.41868,12278.44,SPARKS REGIONAL MEDICAL CENTER
3.70,34.18894,-92.01886,24566.50,JEFFERSON REGIONAL MEDICAL CENTER
4.04,34.48600,-93.03521,28418.35,NATIONAL PARK MEDICAL CENTER
3.57,34.74866,-92.35422,23019.91,BAPTIST HEALTH MEDICAL CENTER-LITTLE ROCK
2.72,35.80838,-90.66658,13454.36,NEA BAPTIST MEMORIAL HOSPITAL
3.06,35.76927,-91.63408,17271.26,WHITE RIVER MEDICAL CENTER
4.75,38.32472,-122.29671,36423.64,QUEEN OF THE VALLEY MEDICAL CENTER
5.14,38.57053,-121.45216,40919.18,MERCY GENERAL HOSPITAL
5.07,35.38736,-119.01690,40033.33,BAKERSFIELD MEMORIAL HOSPITAL
6.14,37.79100,-122.43125,52212.39,CALIFORNIA PACIFIC MEDICAL CTR-PACIFIC CAMPUS HOSP
3.72,34.67486,-118.15771,24815.86,ANTELOPE VALLEY HOSPITAL MED CENTER
4.77,36.32737,-119.29548,36617.57,KAWEAH DELTA MEDICAL CENTER
5.03,34.12834,-118.25777,39659.33,GLENDALE MEM HOSPITAL & HLTH CENTER
9.01,37.96987,-121.28873,84793.95,ST JOSEPHS MED CENTER OF STOCKTON
4.08,36.83532,-119.76562,28876.64,SAINT AGNES MEDICAL CENTER
5.85,32.79949,-117.15394,48887.88,SHARP MEMORIAL HOSPITAL
4.96,34.04932,-118.21746,38780.93,WHITE MEMORIAL MEDICAL CENTER
4.00,34.95099,-120.41322,27941.25,MARIAN MEDICAL CENTER
4.59,38.57155,-121.46874,34676.15,SUTTER GENERAL HOSPITAL
4.33,34.07558,-118.28424,31723.75,TEMPLE COMMUNITY HOSPITAL
4.33,34.02685,-118.48651,31698.84,SANTA MONICA - UCLA MED CTR & ORTHOPAEDIC HOSPITAL
3.53,36.32362,-119.66726,22577.84,ADVENTIST MEDICAL CENTER
7.05,37.36257,-121.84974,62474.14,REGIONAL MEDICAL CENTER OF SAN JOSE
4.54,34.19494,-118.46319,34015.45,VALLEY PRESBYTERIAN HOSPITAL
5.21,39.13822,-121.59436,41627.52,RIDEOUT MEMORIAL HOSPITAL
6.15,37.32710,-121.93863,52354.43,O'CONNOR HOSPITAL
5.80,33.96860,-118.04831,48391.77,PRESBYTERIAN INTERCOMMUNITY HOSPITAL
6.47,38.44369,-122.70138,55918.24,SANTA ROSA MEMORIAL HOSPITAL
8.15,37.55717,-121.98126,75055.44,WASHINGTON HOSPITAL
3.62,33.62229,-117.92995,23606.85,HOAG MEMORIAL HOSPITAL PRESBYTERIAN
6.54,33.84780,-117.93661,56757.50,AHMC ANAHEIM REGIONAL MEDICAL CENTER
11.06,35.27882,-120.65047,108030.43,FRENCH HOSPITAL MEDICAL CENTER
6.10,34.15601,-118.32834,51721.56,PROVIDENCE SAINT JOSEPH MEDICAL CTR
5.22,33.83862,-116.54557,41726.07,DESERT REGIONAL MEDICAL CENTER
5.36,38.72562,-120.79096,43399.45,MARSHALL MEDICAL CENTER (1-RH)
4.93,36.06956,-119.02748,38447.85,SIERRA VIEW DISTRICT HOSPITAL
4.67,34.06675,-118.44613,35585.50,RONALD REAGAN UCLA MEDICAL CENTER
5.24,40.58654,-122.39168,42017.00,MERCY MEDICAL CENTER REDDING
5.66,34.09049,-118.14410,46795.73,ALHAMBRA HOSPITAL MEDICAL CENTER
3.73,34.03009,-118.47833,24854.81,SAINT JOHN'S HEALTH CENTER
4.49,34.50107,-117.17285,33472.93,ST MARY MEDICAL CENTER
5.94,37.36934,-122.08047,49931.93,EL CAMINO HOSPITAL
3.81,38.76514,-121.24979,25779.20,SUTTER ROSEVILLE MEDICAL CENTER
4.52,34.05076,-117.26395,33847.26,LOMA LINDA UNIVERSITY MEDICAL CENTER
2.55,34.01501,-118.10064,11524.36,BEVERLY HOSPITAL
6.17,37.25153,-121.94684,52561.91,GOOD SAMARITAN HOSPITAL
3.36,33.75117,-116.96028,20683.77,HEMET VALLEY MEDICAL CENTER
4.85,33.93530,-118.13030,37611.85,DOWNEY REGIONAL MEDICAL CENTER
5.00,33.82557,-117.99493,39332.93,WEST ANAHEIM MEDICAL CENTER
5.33,34.13364,-118.15275,43067.87,HUNTINGTON MEMORIAL HOSPITAL
8.58,37.43436,-122.18013,79870.42,STANFORD HOSPITAL
3.62,35.64086,-117.67119,23614.09,RIDGECREST REGIONAL HOSPITAL
7.07,37.76421,-122.45716,62806.70,UCSF MEDICAL CENTER
5.43,35.38338,-119.01969,44116.07,SAN JOAQUIN COMMUNITY HOSPITAL
3.65,33.89307,-118.29506,23955.00,MEMORIAL HOSPITAL OF GARDENA
5.50,34.05336,-118.26558,45001.87,GOOD SAMARITAN HOSPITAL
5.76,34.20285,-118.62962,47876.00,WEST HILLS HOSPITAL & MEDICAL CENTER
4.74,37.69824,-122.08730,36371.87,EDEN MEDICAL CENTER
4.52,34.06389,-118.27347,33838.73,SAINT VINCENT MEDICAL CENTER
6.49,34.20777,-118.88305,56226.45,LOS ROBLES HOSPITAL & MEDICAL CENTER
7.66,33.80441,-118.06665,69406.69,LOS ALAMITOS MEDICAL CENTER
5.17,33.71466,-117.93322,41231.35,FOUNTAIN VALLEY REGIONAL HOSPITAL & MEDICAL CENTER
5.88,38.55484,-121.45628,49262.43,UNIVERSITY OF CALIFORNIA DAVIS MEDICAL CENTER
7.90,34.07664,-118.37955,72120.57,CEDARS-SINAI MEDICAL CENTER
4.51,33.70167,-117.95566,33764.27,ORANGE COAST MEMORIAL MEDICAL CENTER
4.87,35.38506,-119.03992,37841.50,BAKERSFIELD HEART HOSPITAL
7.25,34.06760,-118.12291,64800.65,GARFIELD MEDICAL CENTER
6.12,33.95076,-118.34828,51942.53,CENTINELA HOSPITAL MEDICAL CENTER
9.08,34.05723,-118.36025,85571.38,OLYMPIA MEDICAL CENTER
4.45,32.77629,-117.05730,33000.87,ALVARADO HOSPITAL MEDICAL CENTER
6.97,34.17067,-118.53200,61583.81,PROVIDENCE TARZANA MEDICAL CENTER
5.27,40.58532,-122.38702,42331.29,SHASTA REGIONAL MEDICAL CENTER
2.81,40.57315,-105.05741,14492.00,POUDRE VALLEY HOSPITAL
3.35,38.23421,-104.62292,20531.25,CENTURA HEALTH-ST MARY CORWIN MEDICAL CENTER
4.02,39.71712,-105.12874,28184.85,CENTURA HEALTH-ST ANTHONY HOSPITAL
3.95,38.28184,-104.61256,27398.15,PARKVIEW MEDICAL CENTER INC
4.32,39.74234,-104.84156,31564.33,UNIVERSITY OF COLORADO HOSPITAL ANSCHUTZ INPATIENT
3.92,40.02615,-105.28391,26989.82,BOULDER COMMUNITY HOSPITAL
3.60,38.86559,-104.82182,23439.48,CENTURA HEALTH-PENROSE ST FRANCIS HEALTH SERVICES
4.40,39.65399,-104.98116,32500.25,SWEDISH MEDICAL CENTER
3.32,41.77507,-72.69941,20236.95,ST FRANCIS HOSPITAL & MEDICAL CENTER
4.17,41.05562,-73.55390,29902.84,STAMFORD HOSPITAL
2.85,41.33722,-72.10380,14879.33,LAWRENCE & MEMORIAL HOSPITAL
3.31,41.18881,-73.16645,20147.18,BRIDGEPORT HOSPITAL
2.40,41.79153,-73.13382,9852.21,CHARLOTTE HUNGERFORD HOSPITAL
2.67,41.55241,-73.03554,12806.68,SAINT MARYS HOSPITAL
2.63,41.54874,-72.80148,12454.73,MIDSTATE MEDICAL CENTER
3.21,41.03431,-73.63020,19019.82,GREENWICH HOSPITAL ASSOCIATION
2.40,41.71622,-72.22399,9818.08,WINDHAM COMM MEM HOSP & HATCH HOSP
3.11,41.54301,-72.08799,17903.04,WILLIAM W BACKUS HOSPITAL
3.66,41.75412,-72.67927,24136.93,HARTFORD HOSPITAL
3.40,41.20049,-73.20281,21151.41,ST VINCENT'S MEDICAL CENTER
3.23,41.40474,-73.44739,19195.39,DANBURY HOSPITAL
2.90,41.66107,-72.78671,15520.50,HOSPITAL OF CENTRAL CONNECTICUT, THE
3.07,39.74954,-75.56662,17399.85,ST FRANCIS HOSPITAL
2.95,39.15135,-75.52309,16046.80,BAYHEALTH - KENT GENERAL HOSPITAL
3.88,38.77159,-75.14210,26628.48,BEEBE MEDICAL CENTER
4.58,38.90106,-77.05079,34570.79,GEORGE WASHINGTON UNIV HOSPITAL
3.58,38.91770,-77.02193,23226.77,HOWARD UNIVERSITY HOSPITAL
4.34,38.91221,-77.07588,31798.68,GEORGETOWN UNIVERSITY HOSPITAL
3.15,38.93576,-77.10909,18274.43,SIBLEY MEMORIAL HOSPITAL
2.87,38.94397,-76.99040,15118.61,PROVIDENCE HOSPITAL
3.70,38.92944,-77.01473,24502.02,WASHINGTON HOSPITAL CENTER
3.63,30.34913,-81.66391,23753.00,SHANDS JACKSONVILLE MEDICAL CENTER
3.88,26.50479,-80.06979,26606.41,BETHESDA MEMORIAL HOSPITAL
4.28,28.52517,-81.37729,31065.47,ORLANDO HEALTH
5.20,25.68309,-80.34038,41590.49,BAPTIST HOSPITAL OF MIAMI INC
6.20,25.78846,-80.21644,52831.29,UNIVERSITY OF MIAMI HOSPITAL
3.23,29.20117,-81.05828,19265.00,HALIFAX HEALTH MEDICAL CENTER
3.27,26.15053,-81.79919,19656.76,NAPLES COMMUNITY HOSPITAL
4.91,25.79143,-80.21250,38216.52,JACKSON MEMORIAL HOSPITAL
3.66,28.83363,-82.33561,24132.57,CITRUS MEMORIAL HOSPITAL
3.18,30.47650,-87.21219,18634.80,SACRED HEART HOSPITAL
3.19,30.15963,-85.64818,18728.83,BAY MEDICAL CENTER
5.19,25.86166,-80.21398,41415.61,NORTH SHORE MEDICAL CENTER
5.00,25.81317,-80.13996,39229.12,MOUNT SINAI MEDICAL CENTER
4.34,26.01867,-80.17981,31817.88,MEMORIAL REGIONAL HOSPITAL
3.14,30.30835,-81.68919,18159.61,ST VINCENT'S MEDICAL CENTER
3.82,27.19837,-80.24306,25904.68,MARTIN MEMORIAL MEDICAL CENTER
2.67,29.04263,-81.31635,12887.69,FLORIDA HOSPITAL DELAND
4.24,28.26092,-82.18802,30640.12,FLORIDA HOSPITAL ZEPHYRHILLS
3.38,26.94042,-82.04094,20949.33,CHARLOTTE REGIONAL MEDICAL CENTER
3.50,29.17594,-82.13898,22241.14,MUNROE REGIONAL MEDICAL CENTER
3.86,28.25431,-82.71447,26372.91,MORTON PLANT NORTH BAY HOSPITAL
2.91,27.78088,-82.65126,15565.17,ST ANTHONY'S HOSPITAL
3.07,29.24333,-81.10760,17422.74,FLORIDA HOSPITAL MEMORIAL MEDICAL CENTER
3.18,27.09043,-82.44499,18654.94,VENICE REGIONAL MEDICAL CENTER
4.86,28.53906,-82.44193,37661.67,BROOKSVILLE REGIONAL HOSPITAL
3.59,26.18711,-80.11941,23314.45,HOLY CROSS HOSPITAL INC
3.88,26.98905,-82.09559,26604.42,PEACE RIVER REGIONAL MEDICAL CENTER
4.15,26.59805,-80.09271,29619.07,JFK MEDICAL CENTER
3.63,28.80659,-81.86906,23786.86,LEESBURG REGIONAL MEDICAL CENTER
5.42,26.27623,-80.12220,44053.69,BROWARD HEALTH NORTH BROWARD MEDICAL CENTER
3.63,30.31525,-81.66398,23693.20,BAPTIST MEDICAL CENTER
3.11,28.33522,-80.72319,17791.78,WUESTHOFF MEDICAL CENTER  ROCKLEDGE
3.96,30.43066,-87.23191,27440.06,BAPTIST HOSPITAL
3.44,30.19345,-82.63268,21618.63,SHANDS LAKE SHORE REGIONAL MEDICAL CENTER
2.55,27.65832,-80.39307,11518.35,INDIAN RIVER MEDICAL CENTER
3.45,29.64155,-82.34844,21713.41,SHANDS HOSPITAL AT THE UNIVERSITY OF FLORIDA
3.50,30.27449,-81.40071,22220.90,BAPTIST MEDICAL CENTER  BEACHES
3.17,27.75214,-82.73951,18575.33,PALMS OF PASADENA HOSPITAL
3.16,30.26389,-81.44283,18431.85,MAYO CLINIC
4.50,25.70328,-80.29391,33636.37,SOUTH MIAMI HOSPITAL, INC
3.72,28.06172,-81.95304,24732.00,LAKELAND REGIONAL MEDICAL CENTER
3.37,28.81611,-81.28351,20781.06,CENTRAL FLORIDA REGIONAL HOSPITAL
4.18,27.30187,-82.45428,30018.55,DOCTORS HOSPITAL OF SARASOTA
2.91,28.36005,-80.62309,15572.73,CAPE CANAVERAL HOSPITAL
6.10,27.80541,-82.72694,51714.88,ST PETERSBURG GENERAL HOSPITAL
5.05,26.26259,-80.20292,39901.95,NORTHWEST MEDICAL CENTER
4.23,27.93758,-82.48933,30598.71,MEMORIAL HOSPITAL OF TAMPA
4.98,25.73195,-80.38580,39063.29,KENDALL REGIONAL MEDICAL CENTER
5.18,27.48213,-82.62126,41326.79,BLAKE MEDICAL CENTER
5.84,26.12354,-80.25951,48770.52,WESTSIDE REGIONAL MEDICAL CENTER
3.32,29.64481,-81.69431,20214.60,PUTNAM COMMUNITY MEDICAL CENTER
6.23,27.93259,-82.28759,53242.19,BRANDON REGIONAL HOSPITAL
5.24,27.43392,-80.34350,42048.28,LAWNWOOD REGIONAL MEDICAL CENTER & HEART INSTITUTE
3.91,26.92138,-80.09708,26925.44,JUPITER MEDICAL CENTER
4.72,28.36128,-82.68883,36072.67,REGIONAL MEDICAL CENTER BAYONET POINT
4.22,26.43709,-80.12728,30459.36,DELRAY MEDICAL CENTER
4.57,27.71350,-82.36512,34452.94,SOUTH BAY HOSPITAL
4.97,27.28861,-80.29431,38956.53,ST LUCIE MEDICAL CENTER
5.37,28.53585,-82.53404,43458.17,OAK HILL HOSPITAL
3.62,28.03957,-82.70875,23631.97,MEASE COUNTRYSIDE HOSPITAL
3.64,26.94996,-82.32651,23807.79,ENGLEWOOD COMMUNITY HOSPITAL
4.31,26.35614,-80.19956,31414.50,WEST BOCA MEDICAL CENTER
5.58,26.01394,-80.30980,45903.80,MEMORIAL HOSPITAL WEST
4.44,26.21388,-81.73257,32947.48,PHYSICIANS REGIONAL MEDICAL CENTER - PINE RIDGE
5.03,26.70181,-80.05055,39641.40,GOOD SAMARITAN MEDICAL CENTER
3.04,34.78963,-84.98398,17063.12,HAMILTON MEDICAL CENTER
3.19,31.22516,-82.34898,18705.10,SATILLA REGIONAL MEDICAL CENTER
3.11,31.59023,-84.15756,17822.10,PHOEBE PUTNEY MEMORIAL HOSPITAL
2.90,33.79230,-84.32107,15412.29,EMORY UNIVERSITY HOSPITAL
3.07,32.02825,-81.09977,17340.76,CANDLER HOSPITAL
3.43,33.47096,-81.98176,21423.26,UNIVERSITY HOSPITAL
3.46,34.30335,-83.81737,21805.83,NORTHEAST GEORGIA MEDICAL CENTER, INC
3.81,33.47091,-81.98988,25758.14,MEDICAL COLLEGE OF GA HOSPITALS AND CLINICS
3.78,33.96770,-84.55011,25413.86,WELLSTAR KENNESTONE HOSPITAL
3.00,31.98515,-81.15475,16595.79,ST JOSEPH'S HOSPITAL - SAVANNAH
3.34,34.26000,-85.17000,20459.19,FLOYD MEDICAL CENTER
3.21,32.61642,-83.63065,18940.56,HOUSTON MEDICAL CENTER
3.05,33.96117,-83.39832,17209.65,ATHENS REGIONAL MEDICAL CENTER
2.96,33.78956,-84.28077,16127.43,DEKALB MEDICAL CENTER
3.22,33.76810,-84.38616,19123.53,EMORY UNIVERSITY HOSPITAL MIDTOWN
2.81,33.75205,-84.38272,14403.00,GRADY MEMORIAL HOSPITAL
2.76,33.90877,-84.35180,13905.74,SAINT JOSEPH'S HOSPITAL OF ATLANTA, INC
2.92,31.47069,-83.50473,15647.05,TIFT REGIONAL MEDICAL CENTER
3.24,33.85638,-84.60446,19272.35,WELLSTAR COBB HOSPITAL
3.09,32.83041,-83.63476,17672.85,MEDICAL CENTER OF CENTRAL GEORGIA
5.17,33.76372,-84.37315,41159.09,ATLANTA MEDICAL CENTER
2.91,30.86250,-83.28630,15554.57,SOUTH GEORGIA MEDICAL CENTER
4.01,32.84705,-83.61823,28049.64,COLISEUM MEDICAL CENTER
2.97,33.57843,-84.38897,16231.55,SOUTHERN REGIONAL MEDICAL CENTER
3.17,33.51144,-84.22200,18557.76,HENRY MEDICAL CENTER, INC
5.92,34.06334,-84.31976,49666.00,NORTH FULTON REGIONAL HOSPITAL
3.16,33.45252,-84.50697,18443.06,PIEDMONT FAYETTE HOSPITAL
4.81,33.68000,-84.42685,37112.50,SOUTH FULTON MEDICAL CENTER
3.86,21.30780,-157.85505,26397.07,THE QUEENS MEDICAL CENTER
3.44,43.61218,-116.19234,21567.67,ST LUKES REGIONAL MEDICAL CENTER
3.27,43.46987,-111.99208,19659.00,EASTERN IDAHO REGIONAL MEDICAL CENTER
3.69,42.06550,-87.68428,24411.10,EVANSTON HOSPITAL
2.80,40.75318,-89.59321,14340.42,PROCTOR HOSPITAL
3.36,39.93563,-91.39833,20695.08,BLESSING HOSPITAL
4.02,41.86011,-87.69571,28220.92,MT SINAI HOSPITAL MEDICAL CENTER
2.40,39.12680,-88.55059,9830.33,ST ANTHONYS MEMORIAL HOSPITAL
2.55,38.52908,-89.11604,11517.41,ST MARYS HOSPITAL
3.33,40.95560,-90.36618,20293.88,GALESBURG COTTAGE HOSPITAL
2.93,38.32292,-88.91026,15765.68,GOOD SAMARITAN REGIONAL HLTH CENTER
3.58,41.72636,-87.56727,23212.12,ADVOCATE TRINITY HOSPITAL
3.70,41.89141,-87.77618,24570.17,WEST SUBURBAN MEDICAL CENTER
3.42,42.05624,-87.74012,21398.25,SKOKIE HOSPITAL
3.14,39.80726,-89.64496,18151.40,ST JOHNS HOSPITAL
3.40,41.83195,-87.79266,21110.33,MACNEAL  HOSPITAL
3.45,41.66900,-87.81414,21657.03,PALOS COMMUNITY HOSPITAL
3.36,40.98818,-90.36374,20683.33,ST MARY MEDICAL CENTER
3.26,40.70200,-89.59222,19582.12,SAINT FRANCIS MEDICAL CENTER
4.54,41.69322,-87.62436,34017.06,ROSELAND COMMUNITY HOSPITAL
4.47,42.37840,-87.83329,33300.32,VISTA MEDICAL CENTER EAST
4.79,41.78829,-87.60485,36946.28,THE UNIVERSITY OF CHICAGO MEDICAL CENTER
4.52,40.13811,-87.64569,33886.25,PROVENA UNITED SAMARITANS MEDCTR-LOGAN
3.53,40.11739,-88.22714,22625.72,PROVENA COVENANT MEDICAL CENTER- URBANA
4.46,41.97532,-87.69958,33160.29,SWEDISH COVENANT HOSPITAL
3.10,42.31832,-88.27920,17716.08,CENTEGRA HEALTH SYSTEM - MC HENRY HOSPITAL
4.13,41.80555,-87.92059,29369.75,HINSDALE HOSPITAL
2.94,41.87381,-87.67421,15879.64,JOHN H STROGER JR HOSPITAL
2.82,40.49639,-88.99106,14574.46,BROMENN HEALTHCARE
2.74,41.76946,-87.69239,13655.25,HOLY CROSS HOSPITAL
3.92,41.86927,-87.67052,27052.96,UNIVERSITY OF ILLINOIS HOSPITAL
4.58,41.12049,-87.87187,34527.38,PROVENA ST MARYS HOSPITAL
2.81,41.84639,-87.62345,14455.40,MERCY HOSPITAL AND MEDICAL CENTER
3.31,42.29592,-89.63773,20083.36,FHN MEMORIAL HOSPITAL
2.59,37.72790,-89.22058,11992.25,MEMORIAL HOSPITAL OF CARBONDALE
4.42,41.78566,-88.32886,32741.38,PROVENA MERCY MEDICAL CENTER
3.33,42.27597,-88.40019,20396.53,CENTEGRA HEALTH SYSTEM - WOODSTOCK HOSPITAL
3.88,41.72094,-87.69220,26581.21,LITTLE COMPANY OF MARY HOSPITAL
3.96,41.90414,-87.68254,27493.34,ST MARY & ELIZABETH MED CTR-DIVISION CAMPUS
3.39,41.12572,-87.88526,20974.40,RIVERSIDE MEDICAL CENTER
2.79,38.51081,-89.99014,14228.70,ST ELIZABETH HOSPITAL
3.83,41.86362,-87.93567,26005.54,ELMHURST MEMORIAL HOSPITAL
4.40,42.27447,-87.95764,32445.88,ADVOCATE CONDELL MEDICAL CENTER
3.46,41.72031,-87.73249,21841.61,ADVOCATE CHRIST HOSPITAL & MEDICAL CENTER
3.74,41.88566,-88.34311,24982.12,DELNOR COMMUNITY HOSPITAL
3.70,42.03576,-88.32575,24532.34,PROVENA - SAINT JOSEPH HOSPITAL
3.09,42.03837,-87.84820,17670.38,ADVOCATE LUTHERAN GENERAL HOSPITAL
3.34,41.93418,-87.63579,20511.05,SAINT JOSEPH HOSPITAL
4.48,42.26584,-89.07428,33347.03,SWEDISH AMERICAN HOSPITAL
3.33,42.26634,-89.00900,20390.45,SAINT ANTHONY MEDICAL CENTER
3.66,42.29844,-89.09897,24106.67,ROCKFORD MEMORIAL HOSPITAL
4.50,41.89166,-87.84838,33599.62,WESTLAKE COMMUNITY HOSPITAL
3.39,41.56720,-87.69566,20986.85,ADVOCATE SOUTH SUBURBAN HOSPITAL
3.96,41.94560,-87.76897,27537.70,OUR LADY OF THE RESURRECTION MED CTR
3.11,41.48200,-90.57158,17843.76,TRINITY ROCK ISLAND
3.56,41.96185,-88.72130,22954.27,KISHWAUKEE COMMUNITY HOSPITAL
3.39,41.81791,-88.00907,21049.87,ADVOCATE GOOD SAMARITAN HOSPITAL
3.14,41.63466,-87.44901,18221.87,ST CATHERINE HOSPITAL INC
2.54,40.56435,-85.66576,11357.23,MARION GENERAL HOSPITAL
3.08,41.70639,-86.89936,17500.17,FRANCISCAN ST ANTHONY HEALTH - MICHIGAN CITY
2.88,41.70568,-85.93404,15264.38,ELKHART GENERAL HOSPITAL
2.93,41.51266,-87.26125,15818.48,ST MARY MEDICAL CENTER INC
3.74,41.46729,-87.05130,24993.62,PORTER VALPARAISO HOSPITAL
3.80,39.79009,-86.16260,25700.69,INDIANA UNIVERSITY HEALTH
2.96,39.78704,-86.07673,16125.27,COMMUNITY HOSPITAL EAST
3.12,37.98293,-87.57072,17947.30,DEACONESS HOSPITAL INC
4.13,39.91001,-86.19660,29450.53,ST VINCENT HOSPITAL & HEALTH SERVICES
3.75,40.09594,-85.68152,25103.76,SAINT JOHN'S HEALTH SYSTEM
3.36,40.19679,-85.41573,20704.56,INDIANA UNIVERSITY HEALTH BALL MEMORIAL HOSPITAL
2.78,37.96320,-87.50292,14131.59,ST MARY'S MEDICAL CENTER OF EVANSVILLE INC
2.57,39.21585,-85.89683,11681.46,COLUMBUS REGIONAL HOSPITAL
2.40,38.39499,-86.94089,9744.00,MEMORIAL HOSPITAL AND HEALTH CARE CENTER
2.69,39.90201,-86.04478,13131.07,INDIANA HEART HOSPITAL THE
2.61,39.95930,-86.16016,12159.83,INDIANA UNIVERSITY HEALTH NORTH HOSPITAL
3.27,39.64935,-86.07960,19656.47,FRANCISCAN ST FRANCIS HEALTH - INDIANAPOLIS
2.94,39.90060,-86.04218,15929.59,COMMUNITY HOSPITAL NORTH
3.98,40.40296,-86.80885,27735.55,INDIANA UNIVERSITY HEALTH ARNETT HOSPITAL
2.73,41.54190,-90.55691,13505.83,GENESIS MEDICAL CENTER-DAVENPORT
3.08,41.98570,-91.66093,17504.31,ST LUKES HOSPITAL
3.79,41.66092,-91.54800,25504.18,UNIVERSITY OF IOWA HOSPITAL & CLINICS
2.89,43.15063,-93.21718,15379.88,MERCY MEDICAL CENTER-NORTH IOWA
3.07,41.97864,-91.65507,17365.53,MERCY MEDICAL CENTER - CEDAR RAPIDS
2.60,41.86141,-90.18921,12056.33,MERCY MEDICAL CENTER-CLINTON
3.12,41.59886,-93.62344,17999.95,MERCY MEDICAL CENTER-DES MOINES
2.92,42.49250,-96.39975,15651.19,MERCY MEDICAL CENTER-SIOUX CITY
3.43,38.87847,-99.29923,21496.75,HAYS MEDICAL CENTER
2.60,39.05660,-95.69599,12057.00,ST FRANCIS HEALTH CENTER INC
3.54,38.85279,-94.82413,22714.35,OLATHE MEDICAL CENTER
4.09,37.69556,-97.29785,28976.38,WESLEY MEDICAL CENTER
3.45,39.12677,-94.78643,21673.69,PROVIDENCE MEDICAL CENTER
3.86,38.91047,-94.65205,26406.36,MENORAH MEDICAL CENTER
2.44,37.73142,-97.26078,10224.79,GALICHIA HEART HOSPITAL LLC
2.91,39.07816,-84.46695,15539.73,ST ELIZABETH FT THOMAS
3.10,38.47021,-82.63498,17761.66,KING'S DAUGHTERS' MEDICAL CENTER
3.58,37.11784,-84.10910,23152.29,SAINT JOSEPH HOSPITAL LONDON
2.90,36.60798,-88.30957,15514.50,MURRAY-CALLOWAY COUNTY HOSPITAL
3.37,37.27729,-83.22802,20840.94,HAZARD ARH REGIONAL MEDICAL CENTER
2.73,39.06704,-84.49946,13498.85,ST ELIZABETH MEDICAL CENTER NORTH
2.62,37.76518,-87.10197,12239.11,OWENSBORO MEDICAL HEALTH SYSTEM
3.62,37.47264,-82.52605,23675.09,PIKEVILLE MEDICAL CENTER
2.77,37.33959,-87.48988,14044.50,REGIONAL MEDICAL CENTER OF HOPKINS COUNTY
3.00,38.01849,-84.51236,16560.52,CENTRAL BAPTIST HOSPITAL
2.97,37.08724,-84.61828,16207.80,LAKE CUMBERLAND REGIONAL HOSPITAL
3.12,30.20227,-92.01906,17916.35,LAFAYETTE GENERAL MEDICAL CENTER
3.01,29.59851,-90.71397,16713.00,TERREBONNE GENERAL MEDICAL CENTER
2.75,30.22981,-93.36867,13797.00,WEST CALCASIEU CAMERON HOSPITAL
5.60,30.46813,-90.45814,46087.75,NORTH OAKS MEDICAL CENTER, LLC
2.97,30.54354,-92.07608,16217.17,OPELOUSAS GENERAL HEALTH SYSTEM
3.22,31.28258,-92.46060,19143.74,CHRISTUS ST FRANCES CABRINI HOSPITAL
3.18,30.65001,-91.13821,18632.67,LANE REGIONAL MEDICAL CENTER
3.90,31.31451,-92.44997,26774.50,RAPIDES REGIONAL MEDICAL CENTER
3.64,30.20458,-93.19774,23854.61,LAKE CHARLES MEMORIAL HOSPITAL
3.08,30.40118,-91.11160,17551.00,OUR LADY OF THE LAKE REGIONAL MEDICAL CENTER
2.64,30.45015,-91.15273,12526.26,BATON ROUGE GENERAL MEDICAL CENTER
2.82,32.51544,-92.63343,14564.75,NORTHERN LOUISIANA MEDICAL CENTER
2.39,32.48177,-93.76264,9700.19,LSU HEALTH SCIENCES CENTER - SHREVEPORT
3.63,32.48393,-93.77884,23772.31,WILLIS KNIGHTON MEDICAL CENTER
3.45,30.01438,-90.18155,21659.69,EAST JEFFERSON GENERAL HOSPITAL
3.07,43.65325,-70.27533,17417.17,MAINE MEDICAL CENTER
2.69,43.47840,-70.49221,13041.14,SOUTHERN MAINE MEDICAL CENTER
2.40,39.62183,-77.68219,9795.36,MERITUS MEDICAL CENTER
2.70,39.28817,-76.62438,13240.49,UNIVERSITY OF MARYLAND MEDICAL CENTER
2.60,38.93090,-76.92161,12066.09,PRINCE GEORGES HOSPITAL CENTER
2.20,39.01578,-77.03591,7575.15,HOLY CROSS HOSPITAL
2.30,39.42366,-77.41386,8651.50,FREDERICK MEMORIAL HOSPITAL
2.28,39.38813,-76.61068,8381.52,SAINT JOSEPH MEDICAL CENTER
2.96,39.29688,-76.59242,16186.00,JOHNS HOPKINS HOSPITAL, THE
2.41,39.27352,-76.67219,9889.53,SAINT AGNES HOSPITAL
2.46,39.35262,-76.66196,10448.76,SINAI HOSPITAL OF BALTIMORE
2.44,39.35169,-76.47919,10220.76,FRANKLIN SQUARE HOSPITAL CENTER
2.30,39.15402,-77.05431,8678.61,MONTGOMERY GENERAL HOSPITAL INC
2.30,38.36248,-75.59799,8662.76,PENINSULA REGIONAL MEDICAL CENTER
2.27,38.99014,-76.53398,8339.58,ANNE ARUNDEL MEDICAL CENTER
2.31,39.32930,-76.61432,8744.08,UNION MEMORIAL HOSPITAL
2.19,38.29124,-76.63579,7443.92,SAINT MARY'S HOSPITAL
2.33,39.60859,-75.83201,9042.05,UNION HOSPITAL OF CECIL COUNTY
2.34,39.55808,-76.99107,9063.22,CARROLL HOSPITAL CENTER
2.30,38.52905,-76.97068,8665.67,CIVISTA MEDICAL CENTER
2.28,38.76970,-76.07697,8455.11,MEMORIAL HOSPITAL AT EASTON
2.46,39.29994,-76.62138,10445.53,MARYLAND GENERAL  HOSPITAL
2.31,38.55963,-76.59455,8756.27,CALVERT MEMORIAL HOSPITAL
2.39,39.35852,-76.78208,9735.84,NORTHWEST HOSPITAL CENTER
2.26,39.13732,-76.62228,8245.08,BALTIMORE WASHINGTON  MEDICAL CENTER
2.19,39.21273,-76.88526,7438.85,HOWARD COUNTY GENERAL HOSPITAL
2.27,39.51870,-76.34688,8344.65,UPPER CHESAPEAKE MEDICAL CENTER
2.45,38.74827,-76.87590,10376.47,SOUTHERN MARYLAND HOSPITAL CENTER
2.24,39.35962,-76.58851,8022.69,GOOD SAMARITAN HOSPITAL
2.19,39.09796,-77.19799,7462.43,SHADY GROVE ADVENTIST HOSPITAL
2.00,38.33876,-75.21128,5261.27,ATLANTIC GENERAL HOSPITAL
2.41,42.37441,-71.13378,9858.31,MOUNT AUBURN HOSPITAL
2.28,42.70912,-71.14877,8387.36,LAWRENCE GENERAL HOSPITAL
2.25,42.27872,-71.06625,8064.65,CARNEY HOSPITAL
2.28,42.56407,-70.87543,8399.00,BEVERLY HOSPITAL CORPORATION
3.63,42.51078,-70.90712,23702.64,NORTH SHORE MEDICAL CENTER
2.50,42.34896,-71.14768,10927.26,ST ELIZABETH'S MEDICAL CENTER
2.45,42.03597,-71.09792,10388.19,SIGNATURE HEALTHCARE BROCKTON HOSPITAL
2.41,41.94445,-70.64511,9918.19,JORDAN HOSPITAL INC
2.52,42.46049,-71.06203,11109.74,HALLMARK HEALTH SYSTEM
4.74,42.36227,-71.06941,36328.16,MASSACHUSETTS GENERAL HOSPITAL
2.05,41.90456,-71.09562,5834.27,MORTON HOSPITAL
2.58,41.70928,-71.14519,11875.25,SOUTHCOAST HOSPITAL GROUP, INC
2.79,42.12077,-72.60525,14268.17,BAYSTATE MEDICAL CENTER
2.32,42.72846,-71.16830,8865.47,HOLY FAMILY HOSPITAL
2.18,42.64529,-71.30052,7272.15,SAINTS  MEDICAL CENTER INC
2.66,42.17644,-70.95398,12722.66,SOUTH SHORE HOSPITAL
4.18,42.33600,-71.10704,29952.49,BRIGHAM AND WOMEN'S HOSPITAL
2.25,42.09864,-71.06607,8151.33,GOOD SAMARITAN MEDICAL CENTER
3.63,42.34951,-71.06331,23778.52,TUFTS MEDICAL CENTER
2.41,42.18869,-71.20197,9861.05,NORWOOD HOSPITAL
2.55,41.56412,-70.62200,11490.18,FALMOUTH HOSPITAL
2.60,42.76256,-71.04507,12026.38,MERRIMACK VALLEY HOSPITAL
2.49,42.28385,-71.41896,10838.86,METROWEST MEDICAL CENTER
3.10,42.45741,-83.20513,17696.25,PROVIDENCE HOSPITAL AND MEDICAL CENTERS
3.12,42.29077,-83.21504,17966.13,OAKWOOD HOSPITAL AND MEDICAL CENTER
2.98,42.61425,-83.27602,16381.67,ST JOSEPH MERCY OAKLAND
2.72,42.96881,-85.66649,13467.56,SPECTRUM HEALTH - BUTTERWORTH CAMPUS
2.81,43.58941,-83.86908,14426.45,MCLAREN BAY REGION
2.46,42.61490,-82.96060,10491.36,HENRY FORD MACOMB HOSPITAL
2.88,42.36762,-83.08461,15186.07,HENRY FORD HOSPITAL
3.19,43.42857,-83.95556,18704.98,COVENANT MEDICAL CENTER, INC
2.44,42.33111,-85.17817,10238.48,BRONSON BATTLE CREEK HOSPITAL
2.95,43.42612,-83.94185,16018.46,ST MARY'S OF MICHIGAN MEDICAL CENTER
3.51,42.25117,-84.39240,22340.14,ALLEGIANCE HEALTH
2.19,44.26333,-84.24625,7462.29,WEST BRANCH REGIONAL MEDICAL CENTER
4.31,43.02135,-83.70308,31442.44,HURLEY MEDICAL CENTER
2.51,42.21065,-83.14861,11061.33,HENRY FORD WYANDOTTE HOSPITAL
3.08,42.70417,-84.55488,17486.74,MCLAREN - GREATER LANSING
2.83,42.11695,-83.21365,14694.09,OAKWOOD SOUTHSHORE MEDICAL CENTER
3.02,42.89254,-83.63621,16864.95,GENESYS REGIONAL MEDICAL CENTER - HEALTH PARK
3.03,42.63849,-83.29062,16915.44,MCLAREN OAKLAND
2.66,42.98625,-82.42802,12717.54,PORT HURON HOSPITAL
2.55,42.33215,-83.31195,11450.50,GARDEN CITY HOSPITAL
2.83,42.67850,-83.14771,14621.31,CRITTENTON HOSPITAL MEDICAL CENTER
3.45,42.61826,-83.09239,21678.50,WILLIAM BEAUMONT HOSPITAL-TROY
3.49,42.35295,-83.05447,22148.36,DETROIT RECEIVING HOSPITAL & UNIV HEALTH CENTER
2.93,42.59290,-83.49920,15834.71,HURON VALLEY-SINAI HOSPITAL
2.85,42.35178,-83.05779,14865.21,KARMANOS CANCER CENTER
2.78,42.53914,-83.40777,14161.67,HENRY FORD WEST BLOOMFIELD HOSPITAL
2.87,46.79380,-92.09573,15095.47,ESSENTIA HEALTH ST MARY'S MEDICAL CENTER
3.45,44.97210,-93.26240,21654.21,HENNEPIN COUNTY MEDICAL CENTER
3.25,45.57390,-94.16942,19468.32,ST CLOUD HOSPITAL
4.03,46.79634,-92.08793,28295.55,ST LUKES HOSPITAL
3.70,44.95248,-93.26196,24576.00,ABBOTT NORTHWESTERN HOSPITAL
3.10,44.02354,-92.46588,17693.92,MAYO CLINIC METHODIST HOSPITAL
2.49,46.36166,-94.20573,10765.13,ESSENTIA HEALTH ST JOSEPH'S MEDICAL CENTER
3.24,44.88645,-93.32693,19356.47,FAIRVIEW SOUTHDALE HOSPITAL
3.21,44.95570,-93.09429,19036.19,REGIONS HOSPITAL
3.54,45.18355,-93.36789,22760.47,MERCY HOSPITAL
3.61,45.10789,-93.25685,23495.85,UNITY HOSPITAL
2.90,34.24336,-88.71753,15433.36,NORTH MISSISSIPPI MEDICAL CENTER
3.07,34.34899,-89.52062,17402.00,BAPTIST MEMORIAL HOSPITAL NORTH MS
3.06,33.74750,-90.71908,17329.82,BOLIVAR MEDICAL CENTER
2.32,31.24000,-90.45000,8854.11,SOUTHWEST MS REGIONAL MEDICAL CENTER
3.05,33.51824,-90.19832,17201.67,GREENWOOD LEFLORE HOSPITAL
2.52,33.52568,-88.42742,11128.58,BAPTIST MEM HOSP/GOLDEN TRIANGLE INC
3.01,32.31643,-90.17922,16745.04,MISSISSIPPI BAPTIST MEDICAL CENTER
3.08,32.37280,-88.69954,17547.44,ANDERSON REGIONAL MEDICAL CENTER
2.96,30.31288,-89.35571,16182.44,HANCOCK MEDICAL CENTER
3.23,37.06032,-94.52747,19217.06,ST JOHN'S REGIONAL MEDICAL CENTER
3.88,36.23658,-90.04315,26547.38,TWIN RIVERS REGIONAL MEDICAL CENTER
2.30,38.16498,-90.38082,8623.64,JEFFERSON REGIONAL MEDICAL CENTER
3.83,39.00717,-94.55925,26035.73,RESEARCH MEDICAL CENTER
2.94,38.63524,-90.26508,15869.88,BARNES JEWISH HOSPITAL
3.18,37.17999,-93.27409,18652.59,ST JOHN'S REGIONAL HEALTH CENTER
3.16,38.94903,-92.31563,18376.09,BOONE HOSPITAL CENTER
2.74,38.50661,-90.38025,13706.35,ST ANTHONY'S MEDICAL CENTER
3.63,38.63268,-90.31089,23758.47,SSM ST MARYS HEALTH CENTER
3.88,38.75097,-90.43255,26621.52,SSM DEPAUL HEALTH CENTER
4.66,38.62280,-90.24049,35466.18,ST LOUIS UNIVERSITY HOSPITAL
3.48,37.31072,-89.53990,22076.00,SOUTHEAST MISSOURI HOSPITAL
3.88,36.78510,-90.42779,26536.89,POPLAR BLUFF REGIONAL MEDICAL CENTER
3.16,37.05238,-94.52777,18360.22,FREEMAN HEALTH SYSTEM - FREEMAN WEST
3.95,39.04761,-94.59037,27323.93,ST LUKES HOSPITAL OF KANSAS CITY
3.43,38.95171,-92.33407,21431.68,UNIVERSITY OF MISSOURI HEALTH CARE
2.71,39.27591,-94.42572,13279.78,LIBERTY HOSPITAL
3.51,38.77576,-90.23906,22425.19,CHRISTIAN HOSPITAL NORTHEAST
2.86,38.12027,-92.68146,15028.60,LAKE REGIONAL HEALTH SYSTEM
4.20,38.94062,-94.37842,30254.83,SAINT LUKE'S EAST LEE'S SUMMIT HOSPITAL
2.94,40.70646,-99.08136,15909.50,GOOD SAMARITAN HOSPITAL
2.89,41.25522,-95.97892,15312.74,THE NEBRASKA MEDICAL CENTER
3.16,40.80816,-96.62689,18387.69,SAINT ELIZABETH REGIONAL MEDICAL CENTER
2.45,40.59160,-98.38755,10420.13,MARY LANNING MEMORIAL HOSPITAL
3.95,41.25797,-96.04164,27429.83,THE NEBRASKA METHODIST HOSPITAL
3.39,41.88690,-103.66400,20987.07,REGIONAL WEST MEDICAL CENTER
2.65,41.12081,-100.77062,12678.74,GREAT PLAINS REGIONAL MEDICAL CENTER
2.81,41.45152,-96.49184,14468.08,FREMONT AREA MEDICAL CENTER
3.03,41.23771,-96.18052,16986.18,ALEGENT HEALTH LAKESIDE HOSPITAL
5.97,36.13459,-115.13576,50270.26,SUNRISE HOSPITAL AND MEDICAL CENTER
3.59,39.53066,-119.82067,23285.96,SAINT MARY'S REGIONAL MEDICAL CENTER
3.78,39.20247,-119.78446,25399.45,CARSON TAHOE REGIONAL MEDICAL CENTER
6.01,36.16380,-115.16574,50739.54,VALLEY HOSPITAL MEDICAL CENTER
3.67,39.54241,-119.69736,24161.15,NORTHERN NEVADA MEDICAL CENTER
5.85,36.21599,-115.25095,48866.04,MOUNTAINVIEW HOSPITAL
5.49,36.16586,-115.32436,44863.90,SUMMERLIN HOSPITAL MEDICAL CENTER
4.98,36.00527,-115.11618,39051.00,SAINT ROSE DOMINICAN HOSPITAL - SIENA CAMPUS
2.93,43.19846,-71.56230,15793.16,CONCORD HOSPITAL
2.90,43.67286,-72.27232,15469.81,MARY HITCHCOCK MEMORIAL HOSPITAL
3.11,43.52835,-71.46291,17854.86,LAKES REGION GENERAL HOSPITAL
2.70,43.00792,-71.46807,13146.52,ELLIOT HOSPITAL
3.04,43.21231,-70.87499,17062.42,WENTWORTH-DOUGLASS HOSPITAL
6.17,40.88346,-74.05564,52513.42,HACKENSACK UNIVERSITY MEDICAL CENTER
7.55,40.71011,-74.21368,68163.72,NEWARK BETH ISRAEL MEDICAL CENTER
4.89,40.79576,-73.99575,38084.72,PALISADES MEDICAL CTR-NY PRESBYTERIAN HEALTHCARE S
4.53,40.53142,-74.86080,33938.95,HUNTERDON MEDICAL CENTER
4.94,40.88275,-74.01021,38547.92,HOLY NAME MEDICAL CENTER
4.68,40.35684,-74.66166,35683.37,UNIVERSITY MEDICAL CENTER AT PRINCETON
3.22,39.08752,-74.81657,19092.46,CAPE REGIONAL MEDICAL CENTER INC
4.29,40.98359,-74.10047,31203.54,VALLEY HOSPITAL
5.25,39.94152,-75.11680,42169.78,COOPER UNIVERSITY HOSPITAL
4.71,40.78883,-74.46620,36007.40,MORRISTOWN MEMORIAL HOSPITAL
7.10,40.73417,-74.04977,63112.63,CHRIST HOSPITAL
5.90,39.78261,-74.91670,49435.27,VIRTUA WEST JERSEY HOSPITALS BERLIN
6.94,40.61288,-74.29092,61310.29,ROBERT WOOD JOHNSON UNIVERSITY HOSPITAL AT RAHWAY
12.00,40.66805,-74.11334,118655.56,BAYONNE HOSPITAL CENTER
5.79,39.44743,-75.05838,48209.56,SOUTH JERSEY HEALTHCARE REGIONAL MEDICAL CENTER
6.63,40.35309,-74.06484,57804.80,RIVERVIEW MEDICAL CENTER
6.20,40.51891,-74.28183,52883.79,RARITAN BAY MEDICAL CENTER
6.16,40.29209,-74.80327,52438.50,CAPITAL HEALTH MEDICAL CENTER - HOPEWELL
6.69,40.90400,-73.96847,58469.30,ENGLEWOOD HOSPITAL AND MEDICAL CENTER
5.18,40.89538,-74.46479,41365.53,SAINT CLARE'S HOSPITAL
3.86,40.71264,-74.35460,26387.69,OVERLOOK HOSPITAL
5.10,40.07832,-74.13009,40400.33,OCEAN MEDICAL CENTER
4.16,40.81058,-74.20459,29760.67,MOUNTAINSIDE HOSPITAL
5.95,40.04632,-74.88059,50075.88,LOURDES MEDICAL CENTER OF BURLINGTON COUNTY
7.19,39.35775,-74.43449,64168.00,ATLANTICARE REGIONAL MEDICAL CENTER - CITY DIV
6.72,40.76190,-74.30335,58757.97,SAINT BARNABAS MEDICAL CENTER
5.40,40.75402,-74.21335,43820.93,EAST ORANGE GENERAL HOSPITAL
5.71,40.07503,-74.21832,47277.58,KIMBALL MEDICAL CENTER
7.89,40.23629,-74.75256,72055.36,CAPITAL HEALTH SYSTEM-FULD CAMPUS
5.78,40.55784,-74.34970,48103.09,JFK MEDICAL CTR - ANTHONY M. YELENCSICS COMMUNITY
5.67,40.21575,-74.67273,46907.21,ROBERT WOOD JOHNSON UNIVERSITY HOSPITAL HAMILTON
2.94,35.65960,-105.94578,15968.00,ST VINCENT HOSPITAL
2.79,36.72387,-108.21749,14240.36,SAN JUAN REGIONAL MEDICAL CENTER
2.73,32.32310,-106.72900,13548.31,MOUNTAIN VIEW REGIONAL MEDICAL CENTER
3.81,41.92720,-73.99535,25813.67,KINGSTON HOSPITAL
2.59,42.87482,-78.84942,11986.71,KALEIDA HEALTH
2.71,40.92963,-73.89840,13332.12,ST JOSEPH'S MEDICAL CENTER
2.50,42.09299,-75.93704,10920.64,OUR LADY OF LOURDES MEMORIAL HOSPITAL, INC
3.60,42.65345,-73.77543,23418.84,ALBANY MEDICAL CENTER HOSPITAL
2.71,40.70141,-73.81630,13278.54,JAMAICA HOSPITAL MEDICAL CENTER
4.74,41.69441,-73.93432,36288.56,VASSAR BROTHERS MEDICAL CENTER
3.77,40.79041,-73.95386,25363.22,MOUNT SINAI HOSPITAL
4.30,40.63588,-74.10556,31372.00,RICHMOND UNIVERSITY MEDICAL CENTER
2.77,43.09840,-75.27819,14040.60,FAXTON-ST LUKE'S HEALTHCARE
4.43,40.80556,-73.96131,32840.91,ST LUKE'S ROOSEVELT HOSPITAL
4.21,40.74722,-73.82521,30266.76,NEW YORK HOSPITAL MEDICAL CENTER OF QUEENS
3.54,40.68983,-73.97794,22725.55,BROOKLYN HOSPITAL CENTER AT DOWNTOWN CAMPUS
3.35,42.65583,-73.80372,20541.79,ST PETER'S HOSPITAL
2.80,40.81770,-73.92401,14382.40,LINCOLN MEDICAL & MENTAL HEALTH CENTER
2.67,42.10076,-76.82800,12833.15,ARNOT OGDEN MEDICAL CENTER
4.25,41.09642,-73.92501,30762.53,NYACK HOSPITAL
5.26,40.77686,-73.70212,42255.52,NORTH SHORE UNIVERSITY HOSPITAL
2.76,43.19244,-77.58590,13907.17,ROCHESTER GENERAL HOSPITAL
4.69,41.44138,-74.36821,35729.89,ORANGE REGIONAL MEDICAL CENTER
3.75,41.36763,-74.68150,25141.81,BON SECOURS COMMUNITY HOSPITAL
3.06,43.05571,-76.14981,17237.39,ST JOSEPH'S HOSPITAL HEALTH CENTER
5.34,40.78000,-72.97763,43189.98,BROOKHAVEN MEMORIAL HOSPITAL MEDICAL CENTER
2.98,42.81963,-73.91653,16318.60,ELLIS HOSPITAL
3.31,41.19677,-73.72572,20068.20,NORTHERN WESTCHESTER HOSPITAL
2.29,43.13562,-77.60602,8558.27,HIGHLAND HOSPITAL
5.77,40.73265,-73.98162,48017.18,BETH ISRAEL MEDICAL CENTER
4.01,40.80462,-73.67023,28000.19,ST FRANCIS HOSPITAL, ROSLYN
3.20,40.91276,-73.78720,18847.72,SOUND SHORE MEDICAL CENTER OF WESTSCHESTER
3.00,43.30652,-73.64663,16559.23,GLENS FALLS HOSPITAL
3.10,40.75543,-73.81532,17785.77,FLUSHING HOSPITAL MEDICAL CENTER
5.26,40.75332,-73.70899,42248.57,LONG ISLAND JEWISH MEDICAL CENTER
3.75,40.65189,-73.63096,25134.49,SOUTH NASSAU COMMUNITIES HOSPITAL
4.44,40.65957,-73.93378,32877.83,KINGSBROOK JEWISH MEDICAL CENTER
3.93,40.96967,-73.88447,27115.00,ST JOHN'S RIVERSIDE HOSPITAL
4.48,40.74335,-73.97408,33416.80,NYU HOSPITALS CENTER
2.68,43.45491,-76.51645,12992.73,OSWEGO HOSPITAL
2.64,42.92531,-78.83111,12514.88,ERIE COUNTY MEDICAL CENTER
4.06,40.70419,-73.91754,28589.36,WYCKOFF HEIGHTS MEDICAL CENTER
2.71,43.08561,-73.79712,13287.92,SARATOGA HOSPITAL
2.89,43.19054,-77.70177,15389.77,UNITY HOSPITAL OF ROCHESTER
2.83,40.71730,-73.80353,14666.08,QUEENS HOSPITAL CENTER
2.76,42.74285,-73.67673,13920.09,SETON HEALTH SYSTEM-ST MARY'S CAMPUS
3.72,40.65533,-73.91221,24735.29,BROOKDALE HOSPITAL MEDICAL CENTER
8.99,41.08773,-73.80395,84468.31,WESTCHESTER MEDICAL CENTER
3.61,40.66762,-73.97850,23493.67,NEW YORK METHODIST HOSPITAL
3.34,43.04269,-76.14043,20435.74,UNIVERSITY HOSPITAL S U N Y HEALTH SCIENCE CENTER
4.20,40.94779,-73.06033,30206.00,ST CHARLES HOSPITAL
4.25,41.50307,-74.01517,30806.30,ST LUKE'S CORNWALL HOSPITAL
4.07,41.38421,-73.66323,28726.28,PUTNAM HOSPITAL CENTER
2.52,42.84782,-78.81264,11136.94,MERCY HOSPITAL
5.01,40.69327,-73.29412,39338.03,GOOD SAMARITAN HOSPITAL MEDICAL CENTER
2.89,40.64666,-74.02049,15353.67,LUTHERAN MEDICAL CENTER
3.53,40.83778,-73.85417,22588.85,NEW YORK WESTCHESTER SQUARE MEDICAL CENTER
3.84,40.72593,-73.47844,26149.47,ST JOSEPH HOSPITAL
3.84,40.65508,-73.94521,26086.00,UNIVERSITY HOSPITAL OF BROOKLYN ( DOWNSTATE )
3.17,42.11422,-75.95851,18497.94,UNITED HEALTH SERVICES HOSPITALS, INC
3.96,40.59803,-73.75296,27461.05,ST JOHN'S EPISCOPAL HOSPITAL AT SOUTH SHORE
4.83,40.85738,-73.18681,37390.33,ST CATHERINE OF SIENA HOSPITAL
2.62,35.57658,-82.54922,12327.79,MEMORIAL MISSION HOSPITAL AND ASHEVILLE SURGERY CE
2.82,35.95000,-80.00000,14584.72,HIGH POINT REGIONAL HOSPITAL
2.83,34.75124,-79.46789,14650.24,SCOTLAND MEMORIAL HOSPITAL
2.85,36.07581,-80.29779,14922.12,FORSYTH MEMORIAL HOSPITAL
3.12,35.68172,-80.47072,17910.43,ROWAN REGIONAL MEDICAL CENTER
2.93,35.30288,-81.53571,15762.50,CLEVELAND REGIONAL MEDICAL CENTER
2.85,35.29053,-77.58307,14858.21,LENOIR MEMORIAL HOSPITAL
3.09,36.00850,-78.94006,17657.72,DUKE UNIVERSITY HOSPITAL
2.77,35.79986,-80.87863,14034.62,IREDELL MEMORIAL HOSPITAL INC
3.11,35.60726,-77.40477,17885.19,PITT COUNTY MEMORIAL HOSPITAL
3.03,36.09062,-80.27161,16946.44,NORTH CAROLINA BAPTIST HOSPITAL
3.55,35.22196,-80.83287,22843.08,PRESBYTERIAN HOSPITAL
2.92,35.90529,-79.04963,15682.50,UNIVERSITY OF NORTH CAROLINA HOSPITAL
3.14,34.33747,-78.69425,18171.87,COLUMBUS REGIONAL HEALTHCARE SYSTEM
3.26,35.78523,-78.58836,19569.57,WAKEMED, RALEIGH CAMPUS
2.30,36.06347,-79.50208,8634.12,ALAMANCE REGIONAL MEDICAL CENTER
2.55,36.09251,-79.78855,11540.96,MOSES H CONE MEMORIAL HOSPITAL, THE
3.52,35.21029,-80.82084,22549.69,CAROLINAS MED CENTER-MERCY
2.81,36.28555,-76.99489,14456.77,ROANOKE CHOWAN HOSPITAL
4.11,34.90228,-79.71125,29237.53,SANDHILLS REGIONAL MEDICAL CENTER
2.81,36.32690,-76.22370,14432.94,ALBEMARLE HOSPITAL AUTHORITY
3.56,35.71850,-77.94518,22965.38,WILSON MEDICAL CENTER
2.80,35.54775,-80.85563,14328.71,LAKE NORMAN REGIONAL MEDICAL CENTER
2.66,34.97382,-80.52250,12689.63,CAROLINAS MEDICAL CENTER-UNION
2.93,36.32959,-78.39916,15853.25,MARIA PARHAM MEDICAL CENTER
2.41,34.72615,-76.75452,9887.96,CARTERET GENERAL HOSPITAL
3.12,35.71664,-81.26661,17971.18,CATAWBA VALLEY MEDICAL CENTER
3.18,36.04960,-78.90617,18589.00,DURHAM REGIONAL HOSPITAL
2.75,35.11432,-80.71971,13785.75,PRESBYTERIAN HOSPITAL MATTHEWS
2.69,35.52586,-82.94351,13090.58,MEDWEST HAYWOOD
2.28,46.80739,-100.77773,8424.14,ST ALEXIUS MEDICAL CENTER
2.36,48.23258,-101.28843,9330.08,TRINITY HOSPITALS
2.66,46.88496,-96.78609,12705.27,SANFORD MEDICAL CENTER FARGO
2.36,46.80798,-100.78229,9355.86,MEDCENTER ONE
3.58,39.13707,-84.50392,23135.18,UNIVERSITY HOSPITAL, INC
3.38,40.03064,-83.03440,20872.52,RIVERSIDE METHODIST HOSPITAL
2.65,38.75320,-82.97800,12604.39,SOUTHERN OHIO MEDICAL CENTER
2.76,40.73578,-84.08630,13907.69,LIMA MEMORIAL HEALTH SYSTEM
2.18,40.51393,-81.45644,7339.21,UNION HOSPITAL
2.69,39.20680,-84.38093,13102.23,JEWISH HOSPITAL, LLC
3.20,39.96098,-82.99077,18857.79,GRANT MEDICAL CENTER
3.09,41.01476,-81.58913,17604.83,SUMMA HEALTH SYSTEM BARBERTON HOSPITAL
2.86,41.44642,-82.70864,14986.47,FIRELANDS REGIONAL MEDICAL CENTER
3.11,41.07747,-81.53042,17865.41,AKRON GENERAL MEDICAL CENTER
3.04,41.49640,-81.67376,17082.14,ST VINCENT CHARITY MEDICAL CENTER
2.48,41.38265,-81.73127,10710.63,PARMA COMMUNITY GENERAL HOSPITAL
3.89,41.61788,-83.61632,26734.39,UNIVERSITY OF TOLEDO MEDICAL CENTER
3.84,39.74547,-84.18523,26080.53,MIAMI VALLEY HOSPITAL
4.64,39.78778,-84.23493,35184.96,GOOD SAMARITAN HOSPITAL
2.65,38.84439,-82.23902,12646.06,HOLZER MEDICAL CENTER
2.82,39.31257,-84.51774,14574.81,MERCY HOSPITAL FAIRFIELD
2.22,40.81219,-81.39625,7794.12,MERCY MEDICAL CENTER
2.57,39.71750,-82.57772,11774.80,FAIRFIELD MEDICAL CENTER
2.85,41.58130,-81.48979,14863.55,UHHS RICHMOND HEIGHTS HOSPITAL
2.89,41.17554,-81.24915,15377.00,ROBINSON MEMORIAL HOSPITAL
3.74,41.63639,-83.48640,25005.00,MERCY ST CHARLES HOSPITAL
4.28,39.99445,-83.01872,31138.80,OHIO STATE UNIVERSITY HOSPITALS
2.80,41.55725,-83.68141,14313.53,ST LUKE'S HOSPITAL
2.36,41.01785,-83.65165,9367.53,BLANCHARD VALLEY HOSPITAL
2.97,41.66317,-81.24696,16263.40,LAKE HEALTH
4.22,41.52522,-81.58267,30470.55,HURON HOSPITAL
3.90,41.66810,-83.54275,26764.37,MERCY ST VINCENT MEDICAL CENTER
3.19,41.39496,-81.53484,18765.25,UHHS BEDFORD MEDICAL CENTER
2.60,40.75264,-82.52803,12008.84,MEDCENTRAL HEALTH SYSTEM
2.98,41.43653,-81.94451,16382.45,ST JOHN MEDICAL CENTER
2.54,41.88034,-80.79553,11425.08,ASHTABULA COUNTY MEDICAL CENTER
3.43,41.42112,-81.59808,21472.15,MARYMOUNT HOSPITAL
2.57,41.36649,-82.09708,11773.97,EMH REGIONAL MEDICAL CENTER
2.32,39.43061,-81.46454,8834.27,MARIETTA MEMORIAL HOSPITAL
3.11,41.37028,-81.83189,17824.22,SOUTHWEST GENERAL HEALTH CENTER
2.81,41.43688,-82.23761,14396.86,MERCY REGIONAL MEDICAL CENTER
3.87,41.50248,-81.62110,26514.49,CLEVELAND CLINIC
2.35,40.90093,-80.83181,9177.00,SALEM COMMUNITY HOSPITAL
2.43,40.04115,-81.57789,10163.60,SOUTHEASTERN OHIO REGIONAL MEDICAL CENTER
2.94,41.52013,-81.43291,15935.44,HILLCREST HOSPITAL
2.63,40.99498,-80.66192,12394.06,ST ELIZABETH BOARDMAN HEALTH CENTER
4.09,34.00655,-96.39398,28927.27,MEDICAL CENTER OF SOUTHEASTERN OKLAHOMA
2.72,36.75199,-95.94089,13448.45,JANE PHILLIPS MEDICAL CENTER
2.97,35.75351,-95.40612,16259.47,MUSKOGEE REGIONAL MEDICAL CENTER
3.43,35.52531,-97.58461,21478.18,DEACONESS HOSPITAL
2.89,35.47800,-97.52352,15365.82,ST ANTHONY HOSPITAL
3.94,34.18908,-97.14128,27227.25,MERCY MEMORIAL HEALTH CENTER
3.36,36.14675,-95.99969,20660.69,OKLAHOMA STATE UNIVERSITY MEDICAL CENTER
2.41,35.91530,-94.94996,9903.14,TAHLEQUAH CITY HOSPITAL
4.88,35.46721,-97.39370,37892.17,MIDWEST REGIONAL MEDICAL CENTER
3.19,36.13393,-95.96718,18737.37,ST JOHN MEDICAL CENTER, INC
3.25,35.60901,-97.59429,19392.97,OKLAHOMA HEART HOSPITAL
3.97,42.31769,-122.83333,27605.48,ROGUE VALLEY MEDICAL CENTER
4.28,44.06773,-121.26817,31084.92,ST CHARLES MEDICAL CENTER - BEND
2.82,44.93267,-123.03418,14520.80,SALEM HOSPITAL
2.92,45.52677,-122.61469,15735.75,PROVIDENCE PORTLAND MEDICAL CENTER
3.15,41.40075,-75.64594,18304.32,COMMUNITY MEDICAL CENTER
4.08,40.96789,-76.60506,28873.53,GEISINGER MEDICAL CENTER
3.80,42.11102,-80.07912,25720.67,SAINT VINCENT HEALTH CENTER
2.32,41.01409,-80.35398,8909.57,JAMESON MEMORIAL HOSPITAL
4.89,40.07880,-75.21107,38035.94,CHESTNUT HILL HOSPITAL
2.97,40.43609,-79.98537,16219.75,UPMC MERCY
2.33,40.69101,-76.18682,9004.64,SCHUYLKILL MEDICAL CENTER - EAST NORWEGIAN STREET
2.39,40.71251,-80.32136,9670.58,HERITAGE VALLEY BEAVER
2.58,40.54345,-80.17760,11838.31,HERITAGE VALLEY SEWICKLEY
2.07,39.90180,-79.73854,6075.00,UNIONTOWN HOSPITAL
2.51,40.18302,-80.24767,11099.89,WASHINGTON HOSPITAL, THE
2.97,41.24548,-77.01438,16286.57,WILLIAMSPORT REGIONAL MEDICAL CENTER
3.34,40.45705,-80.00363,20452.55,ALLEGHENY GENERAL HOSPITAL
4.26,42.13338,-80.08703,30944.58,UPMC HAMOT
2.70,40.52204,-78.39824,13231.83,ALTOONA REGIONAL HEALTH SYSTEM
2.33,41.11492,-78.77515,9050.06,DUBOIS REGIONAL MEDICAL CENTER
2.61,41.36116,-79.70065,12227.09,UPMC NORTHWEST
3.47,40.04740,-76.30540,21952.64,LANCASTER GENERAL HOSPITAL
3.05,40.48928,-79.89596,17138.48,UPMC ST MARGARET
5.39,39.95045,-75.19259,43702.23,HOSPITAL OF UNIV OF PENNSYLVANIA
2.84,41.64205,-80.14579,14745.47,MEADVILLE MEDICAL CENTER
3.90,40.07160,-74.98341,26771.97,ARIA HEALTH
3.73,41.41107,-75.65091,24839.14,MOSES TAYLOR HOSPITAL
4.95,40.24397,-75.61364,38748.70,POTTSTOWN MEMORIAL MEDICAL CENTER
4.67,40.60000,-75.47000,35561.12,LEHIGH VALLEY HOSPITAL
2.62,40.30103,-79.55505,12345.67,EXCELA HEALTH WESTMORELAND REGIONAL HOSPITAL
2.91,39.93492,-77.64744,15607.65,CHAMBERSBURG HOSPITAL
4.85,40.04475,-75.50425,37579.73,MAIN LINE HOSPITAL PAOLI
4.91,39.92871,-75.26873,38247.00,MERCY FITZGERALD HOSPITAL
4.67,40.68708,-75.24272,35548.04,EASTON HOSPITAL
2.42,40.81645,-79.52199,10040.92,ACMH HOSPITAL
2.41,40.60755,-79.15657,9861.75,INDIANA REGIONAL MEDICAL CENTER
5.37,39.94969,-75.15712,43435.46,THOMAS JEFFERSON UNIVERSITY HOSPITAL
2.82,41.41133,-80.37169,14548.29,UPMC HORIZON
3.14,39.97024,-75.60259,18185.31,CHESTER COUNTY HOSPITAL
9.20,39.85598,-75.36791,86900.98,CROZER CHESTER MEDICAL CENTER
3.16,40.99225,-75.17466,18363.32,POCONO MEDICAL CENTER
3.91,39.82191,-75.88683,26908.47,JENNERSVILLE REGIONAL HOSPITAL
2.73,40.37782,-80.06589,13513.81,ST CLAIR MEMORIAL HOSPITAL
5.29,40.12077,-75.11818,42581.81,ABINGTON MEMORIAL HOSPITAL
2.54,39.80858,-76.98306,11426.42,HANOVER HOSPITAL
4.20,40.20064,-74.92952,30155.96,ST MARY MEDICAL CENTER
2.50,40.31802,-79.93494,10987.32,JEFFERSON REGIONAL MEDICAL CENTER
2.84,40.42897,-79.74808,14739.10,WESTERN PENNSYLVANIA HOSP FORBES REGIONAL CAMPUS
2.96,40.81936,-77.84273,16136.63,MOUNT NITTANY MEDICAL CENTER
3.89,41.25855,-75.81041,26702.71,GEISINGER WYOMING VALLEY MEDICAL CENTER
8.07,39.95658,-75.16249,74078.56,HAHNEMANN UNIVERSITY HOSPITAL
2.78,41.86943,-71.37561,14090.42,MEMORIAL HOSPITAL OF RHODE ISLAND
3.08,41.85574,-71.45945,17504.85,ST JOSEPH HEALTH SERVICES OF RI
3.96,41.81254,-71.40760,27535.47,RHODE ISLAND HOSPITAL
3.05,42.00497,-71.49561,17115.83,LANDMARK MEDICAL CENTER,  INC
3.97,41.85172,-71.39826,27645.56,MIRIAM HOSPITAL
3.27,34.96733,-81.94021,19631.86,SPARTANBURG REGIONAL MEDICAL CENTER
3.56,34.69403,-82.98884,22916.47,OCONEE MEDICAL CENTER
4.31,34.02839,-81.03539,31440.10,PALMETTO HEALTH RICHLAND
3.31,34.24654,-80.60702,20107.00,KERSHAW HEALTH
3.02,33.78555,-79.00178,16841.59,CONWAY MEDICAL CENTER
4.02,34.19543,-79.76256,28137.59,MCLEOD REGIONAL MEDICAL CENTER-PEE DEE
3.60,34.17571,-82.15791,23371.03,SELF REGIONAL HEALTHCARE
3.36,34.81904,-82.41308,20658.90,GREENVILLE MEMORIAL HOSPITAL
4.06,32.97605,-80.07302,28654.35,TRIDENT MEDICAL CENTER
3.34,33.70704,-78.89487,20508.96,GRAND STRAND REG MED CENTER
3.27,34.00754,-81.03270,19662.29,PALMETTO HEALTH BAPTIST
3.48,32.78211,-79.95018,22064.43,ROPER HOSPITAL
3.14,33.59553,-79.02412,18163.12,WACCAMAW COMMUNITY HOSPITAL
2.92,45.46141,-98.47929,15733.72,AVERA ST LUKES
3.32,43.53460,-96.71136,20234.50,AVERA MCKENNAN HOSPITAL & UNIVERSITY HEALTH CENTER
3.16,43.53562,-96.74305,18448.33,SANFORD USD MEDICAL CENTER
2.63,35.63906,-88.83207,12448.11,JACKSON-MADISON COUNTY GENERAL HOSPITAL
2.56,35.93917,-85.01865,11607.95,CUMBERLAND MEDICAL CENTER
2.49,36.58587,-82.25703,10782.17,WELLMONT BRISTOL REGIONAL MEDICAL CENTER
2.79,36.55401,-82.55483,14258.36,WELLMONT HOLSTON VALLEY MEDICAL CENTER
2.64,35.98589,-84.28055,12466.96,METHODIST MEDICAL CENTER OF OAK RIDGE
3.39,36.58199,-87.27050,21027.54,GATEWAY MEDICAL CENTER
3.48,35.12837,-89.86202,22081.21,BAPTIST MEMORIAL HOSPITAL
2.62,35.86074,-86.42434,12265.00,MIDDLE TENNESSEE MEDICAL CENTER INC
3.06,35.17733,-86.09081,17225.85,SOUTHERN TENNESSEE MEDICAL CENTER
2.72,36.17121,-85.50938,13375.69,COOKEVILLE REGIONAL MEDICAL CENTER
3.75,36.30767,-82.38497,25091.91,JOHNSON CITY MEDICAL CENTER
2.79,36.12859,-86.84559,14169.16,ST THOMAS HOSPITAL
3.07,35.05068,-85.28823,17364.73,ERLANGER MEDICAL CENTER
2.75,35.99233,-83.92697,13760.54,TENNOVA HEALTHCARE
2.40,35.95747,-83.93660,9835.08,FORT SANDERS REGIONAL MEDICAL CENTER
2.43,36.29611,-88.31178,10185.54,HENRY COUNTY MEDICAL CENTER
2.85,36.15388,-86.80249,14950.59,BAPTIST HOSPITAL
3.28,35.03467,-85.26735,19812.81,PARKRIDGE MEDICAL CENTER
2.39,35.91765,-84.10080,9733.31,PARKWEST MEDICAL CENTER
6.23,35.09925,-89.86301,53264.16,ST FRANCIS HOSPITAL
3.42,35.17731,-84.86873,21350.41,SKYRIDGE MEDICAL CENTER
3.18,35.68445,-88.85461,18653.83,REGIONAL HOSPITAL OF JACKSON
5.87,31.77031,-106.50085,49193.50,PROVIDENCE MEMORIAL HOSPITAL
2.69,30.04413,-99.15217,13092.67,PETERSON REGIONAL MEDICAL CENTER
3.37,33.90296,-98.50035,20762.07,UNITED REGIONAL HEALTH CARE SYSTEM
3.61,30.65598,-96.34672,23495.35,ST JOSEPH REGIONAL HEALTH CENTER
3.85,32.81043,-96.83699,26286.41,PARKLAND HEALTH AND HOSPITAL SYSTEM
2.85,29.31233,-94.77317,14951.87,UNIVERSITY OF TEXAS MEDICAL BRANCH GAL
2.87,32.78994,-96.78044,15177.88,BAYLOR UNIVERSITY MEDICAL CENTER
3.36,28.81269,-96.97780,20646.68,CITIZENS MEDICAL CENTER
4.17,27.53249,-99.47808,29871.80,LAREDO MEDICAL CENTER
3.61,26.17446,-97.67014,23513.04,VHS HARLINGEN HOSPITAL COMPANY LLC
3.66,32.50219,-94.73025,24087.94,GOOD SHEPHERD MEDICAL CENTER
3.72,32.72621,-97.32659,24769.80,JPS HEALTH NETWORK
5.17,33.57524,-101.89272,41165.19,COVENANT MEDICAL CENTER
2.75,31.51444,-97.19927,13783.48,PROVIDENCE HEALTH CENTER
3.73,32.81224,-96.83795,24892.04,UT SOUTHWESTERN UNIVERSITY HOSPITAL
3.68,32.76017,-96.82437,24326.03,METHODIST DALLAS MEDICAL CENTER
2.55,31.07837,-97.36403,11532.28,SCOTT & WHITE MEMORIAL HOSPITAL
2.88,32.45385,-100.39827,15197.67,ROLLING PLAINS MEMORIAL HOSPITAL
3.84,29.43360,-98.49265,26150.28,BAPTIST MEDICAL CENTER
3.54,32.74944,-97.11630,22752.07,TEXAS HEALTH ARLINGTON MEMORIAL HOSPITAL
5.02,29.71431,-95.39680,39500.27,MEMORIAL HERMANN TEXAS MEDICAL CENTER
3.41,32.83520,-96.96101,21208.74,BAYLOR MEDICAL CENTER AT IRVING
2.67,33.17573,-94.97180,12854.50,TITUS REGIONAL MEDICAL CENTER
4.98,29.66575,-95.18131,39013.05,BAYSHORE MEDICAL CENTER
2.83,29.56876,-97.94776,14684.27,GUADALUPE REGIONAL MEDICAL CENTER
4.87,31.76998,-106.49897,37758.82,LAS PALMAS MEDICAL CENTER
5.60,26.26353,-98.18455,46131.71,SOUTH TEXAS HEALTH SYSTEM
2.72,31.99616,-102.09950,13370.17,MIDLAND MEMORIAL HOSPITAL
3.43,32.73780,-97.33899,21445.43,TEXAS HEALTH HARRIS METHODIST FORT WORTH
4.47,28.80765,-96.99896,33263.70,DETAR HOSPITAL NAVARRO
2.94,26.19665,-98.31409,15947.54,MISSION REGIONAL MEDICAL CENTER
3.23,29.81230,-95.43010,19161.22,MEMORIAL HERMANN HOSPITAL SYSTEM
4.34,29.70719,-95.40048,31832.26,ST LUKES EPISCOPAL HOSPITAL
3.82,35.19934,-101.92186,25907.72,NORTHWEST TEXAS HOSPITAL
4.93,30.28473,-95.46714,38496.08,CONROE REGIONAL MEDICAL CENTER
3.25,35.19533,-101.91907,19407.28,BAPTIST ST ANTHONYS HEALTH SYSTEM-BAPTIST CAMPUS
4.25,33.21990,-97.59383,30779.73,WISE REGIONAL HEALTH SYSTEM
3.40,29.68674,-95.38652,21099.43,HARRIS COUNTY HOSPITAL DISTRICT
2.74,33.71085,-96.58493,13654.83,TEXOMA MEDICAL CENTER
3.43,31.42009,-100.47013,21493.36,SAN ANGELO COMMUNITY MEDICAL CENTER
4.28,29.50795,-98.57224,31147.77,METHODIST HOSPITAL
3.99,32.17167,-95.84417,27870.00,EAST TEXAS MEDICAL CENTER ATHENS
3.66,32.08509,-96.50376,24056.09,NAVARRO REGIONAL HOSPITAL
4.93,31.32794,-94.75614,38444.75,WOODLAND HEIGHTS MEDICAL CENTER
3.76,29.93570,-93.98900,25177.47,THE MEDICAL CENTER OF SOUTHEAST TEXAS
4.78,32.40574,-99.76486,36775.83,ABILENE REGIONAL MEDICAL CENTER
3.18,32.93228,-97.09436,18642.09,BAYLOR REGIONAL MEDICAL CENTER AT GRAPEVINE
2.70,31.46574,-100.43466,13232.69,SHANNON MEDICAL CENTER
2.52,30.26290,-98.88017,11214.12,HILL COUNTRY MEMORIAL HOSPITAL INC
2.97,29.78143,-95.54541,16247.23,MEMORIAL HERMANN MEMORIAL CITY MEDICAL CENTER
4.03,33.17345,-97.11382,28277.58,DENTON REGIONAL MEDICAL CENTER
5.12,30.01994,-95.44379,40658.71,HOUSTON NORTHWEST MEDICAL CENTER
5.02,33.02168,-96.76621,39530.24,MEDICAL CENTER OF PLANO
3.15,32.23859,-101.49810,18321.67,SCENIC MOUNTAIN MEDICAL CENTER
4.00,25.97780,-97.51442,27891.15,VALLEY REGIONAL MEDICAL CENTER
3.80,33.04634,-97.00473,25680.73,MEDICAL CENTER OF LEWISVILLE
3.61,30.08682,-95.62403,23536.19,TOMBALL REGIONAL MEDICAL CENTER
4.84,32.73563,-97.34483,37490.97,PLAZA MEDICAL CENTER OF FORT WORTH
3.83,32.67614,-97.32079,26023.12,HUGULEY HEALTH SYSTEM
3.38,33.58838,-101.89214,20911.15,UNIVERSITY MEDICAL CENTER
4.22,30.22723,-97.77447,30486.79,ST DAVID'S SOUTH AUSTIN MEDICAL CENTER
3.68,32.64448,-96.87635,24365.48,METHODIST CHARLTON MEDICAL CENTER
4.46,27.69288,-97.34476,33127.22,CORPUS CHRISTI MEDICAL CENTER,THE
4.01,30.41163,-97.70649,28035.86,NORTH AUSTIN MEDICAL CENTER
4.78,29.58896,-95.63112,36747.25,METHODIST SUGAR LAND HOSPITAL
4.11,29.96603,-95.55127,29242.48,METHODIST WILLOWBROOK HOSPITAL
2.47,32.78814,-96.78083,10559.08,BAYLOR HEART AND VASCULAR HOSPITAL
4.01,30.20579,-95.45830,28076.76,ST LUKE'S THE WOODLANDS HOSPITAL
3.70,31.73448,-106.30034,24489.73,EAST EL PASO PHYSICIANS MEDICAL CENTER, LLC
2.78,40.24999,-111.66524,14154.55,UTAH VALLEY REGIONAL MEDICAL CENTER
2.57,37.09986,-113.55271,11720.50,DIXIE REGIONAL MEDICAL CENTER
2.82,44.47966,-73.19412,14511.87,FLETCHER ALLEN HOSPITAL OF VERMONT
2.57,38.40552,-78.85730,11718.64,ROCKINGHAM MEMORIAL HOSPITAL
2.33,39.19345,-78.19599,8977.93,WINCHESTER MEDICAL CENTER INC
3.32,36.86268,-76.30355,20185.45,SENTARA NORFOLK GENERAL HOSPITAL
4.08,38.02573,-78.51526,28855.84,UNIVERSITY OF VIRGINIA MEDICAL CENTER
2.91,36.89933,-76.28157,15616.14,BON SECOURS - DEPAUL MEDICAL CENTER
2.84,36.83716,-76.34786,14798.94,BON SECOURS MARYVIEW MEDICAL CENTER
2.34,38.09436,-78.98659,9135.87,AUGUSTA HEALTH
2.55,37.41368,-79.16870,11448.55,CENTRA  HEALTH, INC
3.23,38.71322,-77.80895,19244.64,THE FAUQUIER HOSPITAL, INC
2.79,37.25129,-79.94125,14246.30,CARILION ROANOKE MEMORIAL CENTER
3.66,37.54330,-77.42932,24033.78,MEDICAL COLLEGE OF VIRGINIA HOSPITALS
2.72,37.47512,-75.86264,13440.55,RIVERSIDE SHORE MEMORIAL HOSPITAL
2.98,38.82218,-77.10533,16353.50,INOVA ALEXANDRIA HOSPITAL
2.72,37.14463,-76.51197,13471.31,MARY IMMACULATE HOSPITAL
3.09,39.07405,-77.47754,17631.67,INOVA LOUDOUN HOSPITAL
2.85,36.85098,-76.18989,14953.83,SENTARA LEIGH HOSPITAL
2.78,37.06523,-76.48417,14155.95,RIVERSIDE REGIONAL MEDICAL CENTER
2.90,37.09990,-81.79024,15418.09,CLINCH VALLEY MEDICAL CENTER
3.17,38.85764,-77.22772,18575.46,INOVA FAIRFAX HOSPITAL
3.03,37.33700,-76.74046,16924.00,SENTARA WILLIAMSBURG REGIONAL MEDICAL CENTER
4.49,37.18253,-77.35957,33515.70,SOUTHSIDE REGIONAL MEDICAL CENTER
3.72,37.62931,-77.38804,24743.40,BON SECOURS - MEMORIAL REGIONAL MEDICAL
2.39,38.02176,-78.44530,9653.65,MARTHA JEFFERSON HOSPITAL
2.55,36.69555,-79.86374,11446.00,MEMORIAL HOSPITAL OF MARTINSVILLE & HENRY COUNTY
2.93,37.05580,-76.39048,15837.82,SENTARA CAREPLEX HOSPITAL
3.06,38.88483,-77.37995,17250.08,INOVA FAIR OAKS HOSPITAL
2.88,38.74009,-77.07732,15284.43,INOVA MOUNT VERNON HOSPITAL
2.89,37.79106,-79.88263,15350.53,LEWISGALE HOSPITAL ALLEGHANY
2.98,47.71468,-122.33762,16320.36,NORTHWEST HOSPITAL
3.57,47.58295,-122.62506,23064.76,HARRISON MEDICAL CENTER
3.70,45.62460,-122.58145,24573.80,PEACEHEALTH SOUTHWEST MEDICAL CENTER
4.52,47.64936,-117.41194,33800.58,PROVIDENCE SACRED HEART MEDICAL CENTER
4.00,47.60351,-122.32305,27926.87,HARBORVIEW MEDICAL CENTER
2.23,48.11504,-123.41519,7889.64,OLYMPIC MEDICAL CENTER
2.91,47.70969,-117.40722,15631.20,PROVIDENCE HOLY FAMILY HOSPITAL
4.22,47.17742,-122.28943,30435.94,MULTICARE GOOD SAMARITAN HOSPITAL
4.18,47.25980,-122.45243,29982.19,TACOMA GENERAL ALLENMORE HOSPITAL
4.00,47.29252,-122.32729,27984.73,ST FRANCIS COMMUNITY HOSPITAL
3.19,39.65498,-79.95814,18780.15,WEST VIRGINIA UNIVERSITY HOSPITALS
2.75,39.32836,-80.23964,13748.71,UNITED HOSPITAL CENTER
2.81,38.43236,-82.40067,14488.72,ST MARY'S MEDICAL CENTER
2.09,38.86891,-82.12349,6319.00,PLEASANT VALLEY HOSPITAL
2.92,38.34739,-81.62600,15637.25,CHARLESTON AREA MEDICAL CENTER
2.53,40.39520,-80.52796,11273.12,WEIRTON MEDICAL CENTER
2.64,39.66383,-79.94681,12529.57,MONONGALIA COUNTY GENERAL HOSPITAL
2.42,38.92594,-79.84673,10034.17,DAVIS MEMORIAL HOSPITAL
3.59,37.84674,-81.99565,23319.94,LOGAN REGIONAL MEDICAL CENTER
2.68,39.27035,-81.56026,12988.79,CAMDEN CLARK MEDICAL CENTER
2.45,37.78754,-81.20183,10343.10,RALEIGH GENERAL HOSPITAL
3.09,43.06195,-87.87861,17570.20,COLUMBIA ST MARYS HSPTL  MILW (COL & MILW CAMPUS)
2.80,42.68685,-89.03244,14321.33,MERCY HLTH SYS CORP
2.90,44.81192,-91.51352,15461.08,MAYO CLINIC HEALTH SYSTEM EAU CLAIRE HOSPITAL
2.48,42.73444,-87.82788,10688.27,WHEATON FRANCISCAN HEALTHCARE- ALL SAINTS
3.50,43.07633,-89.43133,22312.00,UNIVERSITY OF WI  HOSPITALS & CLINICS AUTHORITY
4.00,42.98958,-87.95079,27945.72,AURORA ST LUKES MEDICAL CENTER
3.56,43.00120,-88.02675,22900.15,AURORA WEST ALLIS MEDICAL CENTER
2.87,43.04008,-88.02523,15103.78,FROEDTERT MEM LUTHERAN HSPTL
2.93,42.84802,-106.30851,15799.00,WYOMING MEDICAL CENTER
4.08,41.14037,-104.81660,28879.29,CHEYENNE REGIONAL MEDICAL CENTER
2.59,29.93532,-96.87625,11914.91,ST MARKS MEDICAL CENTER
2.17,34.36605,-86.42127,7162.73,MARSHALL MEDICAL CENTER NORTH
3.02,33.59616,-86.66750,16848.26,ST VINCENT'S EAST
3.90,33.25607,-86.81035,26794.00,SHELBY BAPTIST MEDICAL CENTER
2.84,34.74649,-87.69895,14793.63,HELEN KELLER MEMORIAL HOSPITAL
2.40,32.63806,-85.40413,9782.08,EAST ALABAMA MEDICAL CENTER AND SNF
3.58,33.50619,-86.80210,23219.58,UNIVERSITY OF ALABAMA HOSPITAL
2.74,34.20768,-86.87489,13668.27,CULLMAN REGIONAL MEDICAL CENTER
6.01,34.00941,-85.97078,50684.00,GADSDEN REGIONAL MEDICAL CENTER
6.05,34.00426,-86.00339,51162.64,RIVERVIEW REGIONAL MEDICAL CENTER
2.83,33.65640,-85.82284,14652.79,NORTHEAST ALABAMA REGIONAL MED CENTER
2.25,34.59052,-86.97262,8136.06,DECATUR GENERAL HOSPITAL
3.41,33.20521,-87.52546,21197.85,D C H REGIONAL MEDICAL CENTER
4.07,33.49854,-86.84633,28780.38,BAPTIST MEDICAL CENTER-PRINCETON
3.56,32.43020,-87.05515,22995.67,VAUGHAN REG MED CENTER PARKWAY CAMPUS
4.55,33.46420,-86.77409,34215.64,BROOKWOOD MEDICAL CENTER
2.45,30.68546,-88.13170,10321.59,SPRINGHILL MEDICAL CENTER
5.37,60.94901,-149.17033,43500.25,PROVIDENCE ALASKA MEDICAL CENTER
3.91,33.46514,-112.05797,26899.72,BANNER GOOD SAMARITAN MEDICAL CENTER
3.88,32.25294,-110.88135,26616.38,TUCSON MEDICAL CENTER
3.10,34.56017,-112.48217,17704.92,YAVAPAI REGIONAL MEDICAL CENTER
4.39,33.48073,-112.07948,32314.88,ST JOSEPH'S HOSPITAL AND MEDICAL CENTER
4.56,33.29750,-111.87461,34287.05,CHANDLER REGIONAL MEDICAL CENTER
3.61,33.48885,-111.92387,23528.53,SCOTTSDALE HEALTHCARE-OSBORN MEDICAL CENTER
3.41,35.22024,-114.03585,21241.05,KINGMAN REGIONAL MEDICAL CENTER
4.08,33.60432,-112.28378,28819.02,BANNER BOSWELL MEDICAL CENTER
3.15,33.39097,-111.87638,18293.76,BANNER DESERT MEDICAL CENTER
3.95,34.47988,-114.33938,27373.65,HAVASU REGIONAL MEDICAL CENTER
3.44,33.41128,-111.68916,21604.62,BANNER BAYWOOD MEDICAL CENTER
4.16,33.60949,-112.18129,29724.90,BANNER THUNDERBIRD MEDICAL CENTER
3.72,33.65965,-112.37283,24730.06,BANNER DEL E WEBB MEDICAL CENTER
6.72,35.11068,-114.55505,58800.50,WESTERN ARIZONA REGIONAL MEDICAL CTR
4.48,33.28686,-111.75246,33388.74,MERCY GILBERT MEDICAL CENTER
2.98,36.10940,-94.16036,16321.61,WASHINGTON REGIONAL MED CTR AT NORTH HILLS
2.90,34.75031,-92.33897,15429.09,ST VINCENT INFIRMARY MEDICAL CENTER
2.61,35.25046,-91.70056,12224.25,WHITE COUNTY MEDICAL CENTER
2.16,35.83746,-90.70386,7081.89,ST BERNARDS MEDICAL CTR
